"source","target","connect","value","Label"
"AGAATCTTGCGCAATGGGCGAAAGCCTGACGCAGCAATTCCGCGTGGGGGACGAAGGCCCTCGGGTCGTAAACCCCTTTTACGAGGGAAGAAGTTCTGACGGTACCTCGTGAATAAGACACGGCTAACTACGTGCCAGCAGCCGCGGTAATACGTAGGTGTCAAGCGTTGTCCGGATTTATTGGGCGTAAAGCGCCCGCAGGCGGCTTGCCAAGTTCGATGTGAAATCTCCCGGCTCAACTGGGAGGGTGCATCGAAAACTGGCAGGCTTGAGGCAGGGAGAGGGATGTGGAATTCCAGGTGTAGTGGTGAAATGCGTAGATATCTGGAGGAACACCAGTGGCGAAGGCGGCATCCTGGCCCTGTCCTGACGCTCAGGGGCGAAAGCGTGGGGAGCAAACCGGATTAGAAACC","A","pp",1,"OTU_ 1 "
"GGAATATTGCACAATGGGCGCAAGCCTGATGCAGCAACGCCGCGTGCGCGATGAAGGCCTTCGGGTCGTAAAGCGCTTTTCTGGAGGACGAGGAAGGACGGTACTTCAGGAAGAAGGATCGGCTAACTACGTGCCAGCAGCCGCGGTAAAACGTAGGATCCGAGCGTTATCCGAATTCACTGGGCGTAAAGCGCGTGCAGGCGGCCCGCTAAGTTAGGTGTGAAACCTCCCGGCTCAACTGGGAGAGGACGCCTAAGACTGGTGGGCTCGAGGGTGGTAGAGGGAGGTGGAATTCCCGGTGTAGTGGTGAAATGCGTAGATATCGGGAGGAACACCAGTGGCGAAAGCGACCTCCTGGACCATCTCTGACGCTCAGACGCGAAAGCTAGGGGAGCAAACGGGATTAGAAACC","A","pp",1,"OTU_ 2 "
"GGAATATTGCACAATGGGCGCAAGCCTGATGCAGCGACGCCGCGTGGGTGAAGAAGGATTTCGGTCTGTAAAGCCCTTTTCTGTGTGACGAGAGTGGACGGTAGCACAGGAATAAGTCTCGGCTAACTACGTGCCAGCAGCCGCGGTAAAACGTAGGAGGCAAGCGTTATCCGGAGTTACTGGGCGTAAAGGGCGTGCAGGTGGTTCAATAAGTTGGTTATGAAAGCTCCTGGCTAAACTGGGAGAGGTTGACCAAGACTGTTGAACTTGAGTGGATGAGAGGTAAACGGAATTCCGCGTGTAGTGGTGAAATGCGTAGAGATGCGGAGGAACACCAGTGGCGAAGGCGGTTTACTGGCATCCAACTGACACTGAGACGCGAAAGCATGGGTAGCGAACGGGATTAGAAACC","A","pp",1,"OTU_ 3 "
"GGAATATTGCGCAATGGGCGAAAGCCTGACGCAGCGACGCCGCGTGTGGGATGACGGCCTTCGGGTTGTAAACCACTGTCGGGAGGGACGAAGATCTGACGGTACCTCCAAAGGAAGCACCGGCTAACTCTGTGCCAGCAGCCGCGGTAATACAGAGGGTGCAAGCGTTGTCCGGAATCACTGGGCGTAAAGGGCGCGTAGGCGGCCTGATAAGCAGGGGGTGAAATCCTGTGGCTCAACCACAGGGCTGCCTTCTGAACTGTCAGGCTGGAGCACGGTAGAGGCAGATGGAATTCCCGGTGTAGCGGTGGAATGCGTAGAGATCGGGAAGAACACCAGTGGCGAAGGCGGTCTGCTGGGCCGTTGCTGACGCTGAGGCGCGACAGCGTGGGGAGCAAACAGGATTAGAAACC","A","pp",1,"OTU_ 4 "
"GGAATATTGGACAATGGGCGAAAGCCTGATCCAGCAATGCCGCGTGAGTGATGAAGGCCTTAGGGTTGTAAAGCTCTTTTACCCGGGAAGATAATGACTGTACCGGGAGAATAAGCCCCGGCTAACTCCGTGCCAGCAGCCGCGGTAATACGGAGGGGGCTAGCGTTGTTCGGAATTACTGGGCGTAAAGCGCACGTAGGCGGCTTTGTAAGTTAGAGGTGAAAGCCCAGGGCTCAACCCTGGAATTGCCTTTAAGACTGCATCGCTTGAACATCGGAGAGGTAAGTGGAATTCCGAGTGTAGAGGTGAAATTCGTAGATATTCGGAAGAACACCAGTGGCGAAGGCGACTTACTGGACGATTGTTGACGCTGAGGTGCGAAAGCGTGGGGAGCAAACAGGATTAGAAACC","A","pp",1,"OTU_ 5 "
"GGAATATTGGACAATGGGCGAAAGCCTGATCCAGCAATGCCGCGTGAGTGATGAAGGCCTTAGGGTTGTAAAGCTCTTTTACCCGGGAAGATAATGACTGTACCGGGAGAATAAGCCCCGGCTAACTCCGTGCCAGCAGCCGCGGTAATACGGAGGGGGCTAGCGTTGTTCGGAATTACTGGGCGTAAAGCGCACGTAGGCGGCTTTGTAAGTTAGAGGTGAAAGCCCAGGGCTCAACCCTGGAATTGCCTTTAAGACTGCATCGCTTGAACATCGGAGAGGTAAGTGGAATTCCGAGTGTAGAGGTGAAATTCGTAGATATTCGGAAGAACACCAGTGGCGAAGGCGACTTACTGGACGATTGTTGACGCTGAGGTGCGAAAGCGTGGGGAGCAAACAGGATTAGATACC","A","pp",1,"OTU_ 6 "
"GGAATATTGGACAATGGGCGAAAGCCTGATCCAGCAATGCCGCGTGAGTGATGAAGGCCTTAGGGTTGTAAAGCTCTTTTACCCGGGATGATAATGACAGTACCGGGAGAATAAGCCCCGGCTAACTCCGTGCCAGCAGCCGCGGTAATACGGAGGGGGCTAGCGTTGTTCGGAATTACTGGGCGTAAAGCGCACGTAGGCGGCTTTGTAAGTTAGAGGTGAAAGCCCAGGGCTCAACCCTGGAATTGCCTTTAAGACTGCATCGCTTGAACATCGGAGAGGTAAGTGGAATTCCGAGTGTAGAGGTGAAATTCGTAGATATTCGGAAGAACACCAGTGGCGAAGGCGACTTACTGGACGATTGTTGACGCTGAGGTGCGAAAGCGTGGGGAGCAAACAGGATTAGAAACC","A","pp",1,"OTU_ 7 "
"GGAATATTGGACAATGGGCGAAAGCCTGATCCAGCAATGCCGCGTGAGTGATGAAGGCCTTAGGGTTGTAAAGCTCTTTTACCCGGGATGATAATGACAGTACCGGGAGAATAAGCCCCGGCTAACTCCGTGCCAGCAGCCGCGGTAATACGGAGGGGGCTAGCGTTGTTCGGAATTACTGGGCGTAAAGCGCACGTAGGCGGCTTTGTAAGTTAGAGGTGAAAGCCCAGGGCTCAACCCTGGAATTGCCTTTAAGACTGCATCGCTTGAACATCGGAGAGGTAAGTGGAATTCCGAGTGTAGAGGTGAAATTCGTAGATATTCGGAAGAACACCAGTGGCGAAGGCGACTTACTGGACGATTGTTGACGCTGAGGTGCGAAAGCGTGGGGAGCAAACAGGATTAGATACC","A","pp",1,"OTU_ 8 "
"GGAATATTGGACAATGGGGGCAACCCTGATCCAGCCATGCCGCGTGTGTGAAGAAGGCCTTAGGGTTGTAAAACACTTTCAGCGGGGAAGATGATGACGGTACCCGCAGAAGAAGCCCCGGCTAACTCCGTGCCAGCAGCCGCGGTAATACGGAGGGGGCTAGCGTTGTTCGGAATTACTGGGCGTAAAGGGCGTGTAGGCGGTTTGCCGAGTCAGATGTGAAAGCCCCGGGCTTAACCTGGGAACTGCATTTGAGACTGGCAGGCTAGAGGTTGGAAGAGGAGAGTGGAATTCCCAGTGTAGAGGTGAAATTCGTAGATATTGGGAAGAACACCAGTGGCGAAGGCGGCTCTCTGGTCCACACCTGACGCTGAGGCGCGAAAGCGTGGGGAGCAAACAGGATTAGAAACC","A","pp",1,"OTU_ 9 "
"GGAATCTTGCACAATGGACGAAAGTCTGATGCAGCGACGCCGCGTGAGGGATGAAGGCCTTCGGGTCGTAAACCTCTTTTCTCAGGGAAGAGCAAGGACGGTACCTGAGGAATAAGCATCGGCTAACTACGTGCCAGCAGCCGCGGTAATACGTAGGATGCAAGCGTTGTCCGGAATTATTGGGCGTAAAGGGTCCGTAGGCGGTTCGGTAAGTCTCCTGTGAAAACTCCAGGCTCAACTTGGAGGCGTCGGGGGAAACTGCCGGACTTGAGACTGTCAGAGGCAAGTGGAATTCCCGGTGTAGTGGTGAAATGCGTAGATATCGGGAGGAACACCAGTGGCGAAGGCGGCTTGCTGGGGCAGATCTGACGCTGAGGGACGAAAGCGTGGGTAGCAAACCGGATTAGATACC","A","pp",1,"OTU_ 10 "
"GGAATCTTGCACAATGGGCGAAAGCCTGATGCAGCAACGCCGCGTGCGCGATGAAGGCCTTCGGGTCGTAAAGCGCTTTTCTGGGAGACGAGGAAGGACGGTATCCCAGGAATAAGGCTCGGCTAACTACGTGCCAGCAGCCGCGGTAAAACGTAGGAGCCAAGCGTTATCCGAATTTACTGGGCGTAAAGCGCGTGCAGGCGGCTCGATAAGTTGGCTGTGAAATCTCCTGGCTCAACTGGGAGAGGCCGGTCAAGACTGTCGGGCTAGAGGGCAGTAGAGGGAGGTGGAATTCCCGGTGTAGTGGTGAAATGCGTAGAGATCGGGAGGAACACCAGTGGCGAAAGCGGCCTCCTAGGCTGAACCTGACGCTCAGACGCGAAAGCTAGGGGAGCGAACGGGATTAGAAACC","A","pp",1,"OTU_ 11 "
"GGAATCTTGCGCAATGGGCGAAAGCCTGACGCAGCCATGCCGCGTGAATGATGAAGGTCTTAGGATTGTAAAATTCTTTTACCAGGGACGATAATGACGGTACCTGGAGAAAAAGCCCCGGCTAACTTCGTGCCAGCAGCCGCGGTAATACGAAGGGGGCTAGCGTTGCTCGGAATTACTGGGCGTAAAGGGAGCGTAGGCGGGTTGACAAGTTGGGGGTGAAAGCCCGGAGCTCAACTCCGGAATTGCCCTCAAAACTGTCAGCCTTGAGTATGGAAGAGGTAAGTGGAACTCCGAGTGTAGAGGTGAAATTCGTAGATATTCGGAAGAACACCAGTGGCGAAGGCGACTTACTGGTCCATGACTGACGCTGAGGCTCGAAAGCGTGGGGAGCAAACAGGATTAGAAACC","A","pp",1,"OTU_ 12 "
"GGAATCTTGCGCAATGGGCGAAAGCCTGACGCAGCGACGCCGCGTGTGGGATGACGGCCTTCGGGTTGTAAACCACTGTCGGGAGGGACGAAAAAAATGACGGTACCTCCAAAGGAAGCACCGGCTAACTCTGTGCCAGCAGCCGCGGTAATACAGAGGGTGCGAGCGTTGTCCGGAATTACTGGGCGTAAAGGGCGCGTAGGCGGCCCGATAAGTCGGGGGTGAAATTCAGCGGCTCAACCGCTGGACTGCCTTCGAGACTGTCAGGCTCGAGCACGGTAGAGGCTGGTGGAATTCCCGGTGTAGCGGTGGAATGCGTAGAGATCGGGAAGAACATCGGTGGCGAAGGCGGCCAGCTGGGCCGTTGCTGACGCTGAGGCGCGACAGCGTGGGGAGCAAACAGGATTAGAAACC","A","pp",1,"OTU_ 13 "
"GGAATCTTGGGAATGGGCGAAAGCCTGACCCAGCAACGCCGCGTGGGCGATGAAGGCCTTAGGGTCGTAAAGCCCTTTTGCGGGGGACGATGATGACGGTACCCCGCGAATAAGCCACGGCTAACTACGTGCCAGCAGCCGCGGTAATACGTAGGTGGCAAGCGTTGTCCGGATTTACTGGGCGTAAAGGGCGCGCAGGCGGTTTGTCTAGTCTAGGGTGAAAGCTCCCGGCTCAACTGGGAGAGGTCCTTGGATACTGGCAGACTCGAGGGAGGCAGAGGAAAGTGGAATTCCCGGTGTAGTGGTGATATGCGTAGATATCGGGAGGAACACCAGTGGCGAAGGCGGCTTTCTGGGCCTTACCTGACGCTGAGGCGCGAAAGCGTGGGGAGCGAACCGGATTAGAAACC","A","pp",1,"OTU_ 14 "
"GGAATCTTGGGAATGGGCGAAAGCCTGACCCAGCAACGCCGCGTGGGCGATGAAGGCCTTAGGGTCGTAAAGCCCTTTTGCGGGGGACGATGATGACGGTACCCCGCGAATAAGCCACGGCTAACTACGTGCCAGCAGCCGCGGTAATACGTAGGTGGCAAGCGTTGTCCGGATTTACTGGGCGTAAAGGGCGCGCAGGCGGTTTGTCTAGTCTAGGGTGAAAGCTCCCGGCTCAACTGGGAGAGGTCCTTGGATACTGGCAGACTCGAGGGAGGCAGAGGAAAGTGGAATTCCCGGTGTAGTGGTGATATGCGTAGATATCGGGAGGAACACCAGTGGCGAAGGCGGCTTTCTGGGCCTTACCTGACGCTGAGGCGCGAAAGCGTGGGGAGCGAACCGGATTAGATACC","A","pp",1,"OTU_ 15 "
"GGGATATTGCGCAATGGGCGAAAGCCTGACGCAGCAACGCCGCGTGGAGGATGACGGCCTTCGGGTTGTAAACTCCTTTGGGGGGGGACGAGGAAGGACGGTACCCCCACAACAAGTCACGGCTAACTACGTGCCAGCAGCCGCGGTAAAACGTAGGTGGCGAGCGTTATCCGGATTTACTGGGCGTAAAGGGTGTGCAGGCTGCCCCTCAAGTGGTGTATGAAAGGGCTCGGCTCAACCGGGCTAGGTTATGCCAGACTGAGGGGCTAGAGAGCGAGAGCGGGACGTGGAATTCCGGGTGTAGTGGTGAAATGCGTAGAGATCCGGAGGAACCCCAGAGGCGAAGGCGGCGTCCTGGCTCGCATCTGACGCTCAGACACGACAGCATGGGGAGCGAACGGGATTAGAAACC","A","pp",1,"OTU_ 16 "
"GGGATCTTGCGACAATGGGCGAAAGCCTGACGCAGCAACGCCGCGTGCGGGAGGACGGCCTTCGGGTTGTAAACCGCTTTTCGGGGGGAAGAGGAAGGACGGTACCCCCGGAAGAAGTCTCGGCTAACTACGTGCCAGCAGCCGCGGTAAAACGTAGGAGGCGAGCGTTATCCGGATTTACTGGGTGTAAAGCGCGTGTAGGCGGTCCTGCAAGTGGTGCGTGAAAGCGCCCGGCTCAACCGGGCGAGGACGTGGGCGAACTGCAGGGCTAGAGGCAGGTAGAGGCGTGTGGAATTCCGGGTGTAGTGGTGAAATGCGTAGAGATCCGGAGGAACACCAGTGGCGAAGGCGACACGCTGGGCCTGGCCTGACGCTGAGAGGCGAAAGCATGGGGAGCGAACGGGATTAGAAACC","A","pp",1,"OTU_ 17 "
"GGGATCTTGCGCAATGGGGGCAACCCTGACGCAGCGACGCCGCGTGGGCGATGAAGGCTTTCGGGTCGTAAAGCCCTTTTCCCACCGACGAGAACCAGGACGGTAAGTGGGGAACAAGTCTCGGCTAACTACGTGCCAGCAGCCGCGGTAAAACGTAGGAGGCGAGCGTTATCCGGAGTTACTGGGCGTAAAGCGCGTGCAGGCGGCAGCGCAAGTGGCGGGTGAAAGCGCCCGGCTCAACCGGGCGAGGGCCGGTCAGACTGCGTTGCTGGAGTACCGGCGAGGGACGTGGAATTCCGGGTGTAGCGGTGAAATGTGCAGAGATCCGGAGGAACACCAGCGGCGCAAGCGGCGTCCTGGACGGAAACTGACGCTGAGACGCGACAGCGTGGGGAGCGAACGGGATTAGAAACC","A","pp",1,"OTU_ 18 "
"GGAATATTGGACAATGGGCGAAAGCCTGATCCAGCAATGCCGCGTGAGTGAAGAAGGCCTTAGGGTTGTAAAGCTCTTTTACCCGGGATGATAATGACAGTACCGGGAGAATAAGCCCCGGCTAACTCCGTGCCAGCAGCCGCGGTAATACGGAGGGGGCTAGCGTTGTTCGGAATCACTGGGCGTAAAGCGCACGTAGGCGGCTTTCCAAGTCAGGGGTGAAATCCCGGGGCTTAACCCCGGAATTGCCTTTGAAACTGGATCGCTTGAATCTGGGAGAGGTGAGTGGAATTCCGAGTGTAGAGGTGAAATTCGTAGATATTCGGAAGAACACCAGTGGCGAAGGCGGCTCACTGGACCAGTATTGACGCTGAGGTGCGAAAGCGTGGGGAGCAAACAGGATTAGAAACC","B","pp",1,"OTU_ 19 "
"GGAATCTTGCACAATGGGGGCAACCCTGATGCAGCGACGCCGCGTGAGTGACGAAGGCCTTCGGGTCGTAAAGCTCTTTTCTGCGTGACGAGACAAGGACGGTAGCGCAGGAAGAAGTCTCGGCTAACTACGTGCCAGCAGCCGCGGTAAAACGTAGGAGACAAACGTTATCCGGAGTTACTGGGCGTAAAGGGCGTGCAGGTGGCGGCTTAAGTTCGGCGTGAAAGCCTCCGGCTAAACCGGGGGAGGTCGTCGGAAACTGGGCCGCTCGAGGGTGATAGAGGCGGGTGGAATTCCGGGTGTAGTGGTGAAATGCGTAGAGATCCGGAGGAACACCAGTGGCGAAGGCGACCCGCTGGGTCACACCTGACACTGAGACGCGACAGCATGGGGAGCGAACGGGATTAGAAACC","B","pp",1,"OTU_ 20 "
"GGAATCTTGGGAATGGGCGAAAGCCTGACCCAGCAACGCCGCGTGGGCGATGAAGGCCTTAGGGTCGTAAAGCCCTTTTGCGGGGGACGATGATGACGGTACCCCGCGAATAAGCCACGGCTAACTACGTGCCAGCAGCCGCGGTAATACGTAGGTGGCAAGCGTTGTCCGGATTTACTGGGCGTAAAGGGCGCGCAGGCGGTTTGTCTAGTCTAGGGTGAAAGCTCCCGGCTCAACTGGGAGAGGTCCTTGGATACTGGCAGACTCGAGGGAGGCAGAGGAAAGTGGAATTCCCGGTGTAGTGGTGATATGCGTAGATATCGGGAGGAACACCAGTGGCGAAGGCGGCTTTCTGGGCCTTACCTGACGCTGAGGCGCGAAAGCGTGGGGAGCGAACCGGATTAGAAACC","B","pp",1,"OTU_ 21 "
"GGAATATTGGACAATGGGCGAAAGCCTGATCCAGCAATGCCGCGTGAGTGATGAAGGCCTTAGGGTTGTAAAGCTCTTTTACCCGGGATGATAATGACAGTACCGGGAGAATAAGCCCCGGCTAACTCCGTGCCAGCAGCCGCGGTAATACGGAGGGGGCTAGCGTTGTTCGGAATTACTGGGCGTAAAGCGCACGTAGGCGGCTTTGCAAGTCAGAGGTGAAAGCCCGGGGCTCAACCCCGGAATTGCCTTTGAGACTGCATCGCTAGAATTGTGGAGAGGTAAGTGGAATTCCGAGTGTAGAGGTGAAATTCGTAGATATTCGGAAGAACACCAGTGGCGAAGGCGACTTACTGGACACATATTGACGCTGAGGTGCGAAAGCGTGGGGAGCAAACAGGATTAGATACC","C","pp",1,"OTU_ 22 "
"GGAATATTGGACAATGGGCGAAAGCCTGATCCAGCAATGCCGCGTGAGTGATGAAGGCCTTAGGGTTGTAAAGCTCTTTTACCCGGGATGATAATGACAGTACCGGGAGAATAAGCCCCGGCTAACTCCGTGCCAGCAGCCGCGGTAATACGGAGGGGGCTAGCGTTGTTCGGAATTACTGGGCGTAAAGCGCACGTAGGCGGCTTTGCAAGTCAGAGGTGAAAGCCCGGGGCTCAACCCCGGAATTGCCTTTGAGACTGCATCGCTTGAACATCGGAGAGGTAAGTGGAATTCCGAGTGTAGAGGTGAAATTCGTAGATATTCGGAAGAACACCAGTGGCGAAGGCGACTTACTGGACGATTGTTGACGCTGAGGTGCGAAAGCGTGGGGAGCAAACAGGATTAGAAACC","C","pp",1,"OTU_ 23 "
"GGAATATTGGACAATGGGCGAAAGCCTGATCCAGCAATGCCGCGTGAGTGATGAAGGCCTTAGGGTTGTAAAGCTCTTTTACCCGGGATGATAATGACAGTACCGGGAGAATAAGCCCCGGCTAACTCCGTGCCAGCAGCCGCGGTAATACGGAGGGGGCTAGCGTTGTTCGGAATTACTGGGCGTAAAGCGCACGTAGGCGGCTTTGCAAGTCAGAGGTGAAAGCCCGGGGCTCAACCCCGGAATTGCCTTTGAGACTGCATCGCTTGAACATCGGAGAGGTAAGTGGAATTCCGAGTGTAGAGGTGAAATTCGTAGATATTCGGAAGAACACCAGTGGCGAAGGCGACTTACTGGACGATTGTTGACGCTGAGGTGCGAAAGCGTGGGGAGCAAACAGGATTAGATACC","C","pp",1,"OTU_ 24 "
"GGAATATTGGACAATGGGCGAAAGCCTGATCCAGCAATGCCGCGTGAGTGATGAAGGCCTTAGGGTTGTAAAGCTCTTTTACCCGGGATGATAATGACAGTACCGGGAGAATAAGCCCCGGCTAACTCCGTGCCAGCAGCCGCGGTAATACGGAGGGGGCTAGCGTTGTTCGGAATTACTGGGCGTAAAGCGCACGTAGGCGGCTTTGTAAGTTAGAGGTGAAAGCCCAGGGCTCAACCCTGGAATTGCCTTTAAGACTGCATCGCTTGAACATCGGAGAGGTAAGTGGAATTCCGAGTGTAGAGGTGAAATTCGTAGATATTCGGAAGAACACCAGTGGCGAAGGCGACTTACTGGACGATTGTTGACGCTGAGGTGCGAAAGCGTGGGGAGCAAACAGGATTAGAAACC","C","pp",1,"OTU_ 25 "
"GGAATATTGGACAATGGGCGAAAGCCTGATCCAGCAATGCCGCGTGAGTGATGAAGGCCTTAGGGTTGTAAAGCTCTTTTACCCGGGATGATAATGACAGTACCGGGAGAATAAGCCCCGGCTAACTCCGTGCCAGCAGCCGCGGTAATACGGAGGGGGCTAGCGTTGTTCGGAATTACTGGGCGTAAAGCGCACGTAGGCGGCTTTGTAAGTTAGAGGTGAAAGCCCAGGGCTCAACCCTGGAATTGCCTTTAAGACTGCATCGCTTGAACATCGGAGAGGTAAGTGGAATTCCGAGTGTAGAGGTGAAATTCGTAGATATTCGGAAGAACACCAGTGGCGAAGGCGACTTACTGGACGATTGTTGACGCTGAGGTGCGAAAGCGTGGGGAGCAAACAGGATTAGATACC","C","pp",1,"OTU_ 26 "
"GGAATATTGGACAATGGGCGCAAGCCTGATCCAGCAATGCCGCGTGAGTGATGAAGGCCTTAGGGTTGTAAAGCTCTTTTACCAGGGATGATAATGACAGTACCTGGAGAATAAGCTCCGGCTAACTCCGTGCCAGCAGCCGCGGTAATACGGAGGGAGCTAGCGTTGTTCGGAATTACTGGGCGTAAAGCGCACGTAGGCGGCTATTCAAGTCGGGGGTGAAAGCCCGGGGCTCAACCCCGGAACTGCCCTCGAAACTAGATAGCTAGAATCTTGGAGAGGTCAGTGGAATTCCGAGTGTAGAGGTGAAATTCGTAGATATTCGGAAGAACACCAGTGGCGAAGGCGACTGACTGGACAAGTATTGACGCTGAGGTGCGAAAGCGTGGGGAGCAAACAGGATTAGAAACC","C","pp",1,"OTU_ 27 "
"GGAATCTTCGGCAATGGGCGCAAGCCTGACCGAGCGACGCCGCGTGAAGGATGAAGGCCCTCGGGTCGTAAACTTCTAAAAGAGGGACGATAGTGACGGTACCTCTTGAAAAGCACCGGCTAACTCCGTGCCAGCAGCCGCGGTAATACGGAGGGTGCTAGCGTTATCCGGAATCACTGGGCGTAAAGGGCGCGTAGGCGGTCTGTTAAGTCCGATGTTAAAGACTGGGGCTCAACCCCAGCATTGCGTTGGATACTGGCAGGCTTGACGGTTGGAGAGGCGAGTGGAATTACCAGTGTAGCGGTGAAATGCGTAGATACTGGTAGGAACACCCATTGCGAAGGCAGCTCGCTGGACAACACGTGACGCTGAGGCGCGAAAGTGTGGGGAGCAAACCGGATTAGAAACC","C","pp",1,"OTU_ 28 "
"GGAATCTTGGGAATGGGCGAAAGCCTGACCCAGCAACGCCGCGTGGGCGATGAAGGCCTTAGGGTCGTAAAGCCCTTTTGCGGGGGACGATGATGACGGTACCCCGCGAATAAGCCACGGCTAACTACGTGCCAGCAGCCGCGGTAATACGTAGGTGGCAAGCGTTGTCCGGATTTACTGGGCGTAAAGGGCGCGCAGGCGGTTTGTCTAGTCTAGGGTGAAAGCTCCCGGCTCAACTGGGAGAGGTCCTTGGATACTGGCAGACTCGAGGGAGGCAGAGGAAAGTGGAATTCCCGGTGTAGTGGTGATATGCGTAGATATCGGGAGGAACACCAGTGGCGAAGGCGGCTTTCTGGGCCTTACCTGACGCTGAGGCGCGAAAGCGTGGGGAGCGAACCGGATTAGAAACC","C","pp",1,"OTU_ 29 "
"GGAATATTGCACAATGGGCGAAAGCCTGATGCAGCAACGCCGCGTGAGCGATGAAGGCCTTCGGGTCGTAAAGCTCTGTCCTCAAGGAAGATAATGACGGTACTTGAGGAGGAAGCCCCGGCTAACTACGTGCCAGCAGCCGCGGTAATACGTAGGGGGCTAGCGTTATCCGGAATTACTGGGCGTAAAGGGTGCGTAGGTGGTTTCTTAAGTCAGAGGTGAAAGGCTACGGCTCAACCGTAGTAAGCCTTTGAAACTGGGAAACTTGAGTGCAGGAGAGGAGAGTGGAATTCCTAGTGTAGCGGTGAAATGCGTAGATATTAGGAGGAACACCAGTTGCGAAGGCGGCTCTCTGGACTGTAACTGACACTGAGGCACGAAAGCGTGGGGAGCAAACAGGATTAGAAACC","D","pp",1,"OTU_ 30 "
"GGAATATTGCACAATGGGCGCAAGCCTGATGCAGCAACGCCGCGTGCGCGATGAAGGCCTTCGGGTCGTAAAGCGCTTTTCTGGAGGACGAGGAAGGACGGTACTTCAGGAAGAAGGATCGGCTAACTACGTGCCAGCAGCCGCGGTAAAACGTAGGATCCGAGCGTTATCCGAATTCACTGGGCGTAAAGCGCGTGCAGGCGGCCCGCTAAGTTAGGTGTGAAACCTCCCGGCTCAACTGGGAGAGGACGCCTAAGACTGGTGGGCTCGAGGGTGGTAGAGGGAGGTGGAATTCCCGGTGTAGTGGTGAAATGCGTAGATATCGGGAGGAACACCAGTGGCGAAAGCGACCTCCTGGACCATCTCTGACGCTCAGACGCGAAAGCTAGGGGAGCAAACGGGATTAGAAACC","D","pp",1,"OTU_ 31 "
"GGAATATTGCACAATGGGCGCAAGCCTGATGCAGCGACGCCGCGTGGGTGAAGAAGGATTTCGGTCTGTAAAGCCCTTTTCTGTGTGACGAGAGTGGACGGTAGCACAGGAATAAGTCTCGGCTAACTACGTGCCAGCAGCCGCGGTAAAACGTAGGAGGCAAGCGTTATCCGGAGTTACTGGGCGTAAAGCGCGTGCAGGTGGTTGAGTAAGTTGGTTATGAAAGCTCCTGGCTAAACTGGGAGAGGTTGACCAAGACTGCTGAACTTGAGTGGATGAGAGGTAAACGGAATTCCGCGTGTAGTGGTGAAATGCGTAGAGATGCGGAGGAACACCAGTGGCGAAGGCGGTTTACTGGCATCCAACTGACACTGAGACGCGAAAGCATGGGTAGCGAACGGGATTAGAAACC","D","pp",1,"OTU_ 32 "
"GGAATATTGGACAATGGGCGAAAGCCTGATCCAGCAATGCCGCGTGAGTGAAGAAGGCCTTAGGGTTGTAAAGCTCTTTTACCCGGGATGATAATGACAGTACCGGGAGAATAAGCCCCGGCTAACTCCGTGCCAGCAGCCGCGGTAATACGGAGGGGGCTAGCGTTGTTCGGAATCACTGGGCGTAAAGCGCACGTAGGCGGCTTTCCAAGTCAGGGGTGAAATCCCGGGGCTTAACCCCGGAATTGCCTTTGAAACTGGATCGCTTGAATCTGGGAGAGGTGAGTGGAATTCCGAGTGTAGAGGTGAAATTCGTAGATATTCGGAAGAACACCAGTGGCGAAGGCGGCTCACTGGACCAGTATTGACGCTGAGGTGCGAAAGCGTGGGGAGCAAACAGGATTAGAAACC","D","pp",1,"OTU_ 33 "
"GGAATATTGGACAATGGGCGAAAGCCTGATCCAGCAATGCCGCGTGAGTGAAGAAGGCCTTAGGGTTGTAAAGCTCTTTTACCCGGGATGATAATGACAGTACCGGGAGAATAAGCCCCGGCTAACTCCGTGCCAGCAGCCGCGGTAATACGGAGGGGGCTAGCGTTGTTCGGAATCACTGGGCGTAAAGCGCACGTAGGCGGCTTTCCAAGTCAGGGGTGAAATCCCGGGGCTTAACCCCGGAATTGCCTTTGAAACTGGATCGCTTGAATCTGGGAGAGGTGAGTGGAATTCCGAGTGTAGAGGTGAAATTCGTAGATATTCGGAAGAACACCAGTGGCGAAGGCGGCTCACTGGACCAGTATTGACGCTGAGGTGCGAAAGCGTGGGGAGCAAACAGGATTAGATACC","D","pp",1,"OTU_ 34 "
"GGAATATTGGACAATGGGCGAAAGCCTGATCCAGCAATGCCGCGTGAGTGATGAAGGCCTTAGGGTTGTAAAGCTCTTTTACCCGGGAAGATAATGACTGTACCGGGAGAATAAGCCCCGGCTAACTCCGTGCCAGCAGCCGCGGTAATACGGAGGGGGCTAGCGTTGTTCGGAATTACTGGGCGTAAAGCGCACGTAGGCGGCTTTGTAAGTTAGAGGTGAAAGCCCAGGGCTCAACCCTGGAATTGCCTTTAAGACTGCATCGCTTGAACATCGGAGAGGTAAGTGGAATTCCGAGTGTAGAGGTGAAATTCGTAGATATTCGGAAGAACACCAGTGGCGAAGGCGACTTACTGGACGATTGTTGACGCTGAGGTGCGAAAGCGTGGGGAGCAAACAGGATTAGAAACC","D","pp",1,"OTU_ 35 "
"GGAATATTGGACAATGGGCGAAAGCCTGATCCAGCAATGCCGCGTGAGTGATGAAGGCCTTAGGGTTGTAAAGCTCTTTTACCCGGGAAGATAATGACTGTACCGGGAGAATAAGCCCCGGCTAACTCCGTGCCAGCAGCCGCGGTAATACGGAGGGGGCTAGCGTTGTTCGGAATTACTGGGCGTAAAGCGCACGTAGGCGGCTTTGTAAGTTAGAGGTGAAAGCCCAGGGCTCAACCCTGGAATTGCCTTTAAGACTGCATCGCTTGAACATCGGAGAGGTAAGTGGAATTCCGAGTGTAGAGGTGAAATTCGTAGATATTCGGAAGAACACCAGTGGCGAAGGCGACTTACTGGACGATTGTTGACGCTGAGGTGCGAAAGCGTGGGGAGCAAACAGGATTAGATACC","D","pp",1,"OTU_ 36 "
"GGAATATTGGACAATGGGCGAAAGCCTGATCCAGCAATGCCGCGTGAGTGATGAAGGCCTTAGGGTTGTAAAGCTCTTTTACCCGGGATGATAATGACAGTACCGGGAGAATAAGCCCCGGCTAACTCCGTGCCAGCAGCCGCGGTAATACGGAGGGGGCTAGCGTTGTTCGGAATTACTGGGCGTAAAGCGCACGTAGGCGGCTTTGCAAGTCAGAGGTGAAAGCCCGGGGCTCAACCCCGGAATTGCCTTTGAGACTGCATCGCTAGAATTGTGGAGAGGTAAGTGGAATTCCGAGTGTAGAGGTGAAATTCGTAGATATTCGGAAGAACACCAGTGGCGAAGGCGACTTACTGGACACATATTGACGCTGAGGTGCGAAAGCGTGGGGAGCAAACAGGATTAGAAACC","D","pp",1,"OTU_ 37 "
"GGAATATTGGACAATGGGCGAAAGCCTGATCCAGCAATGCCGCGTGAGTGATGAAGGCCTTAGGGTTGTAAAGCTCTTTTACCCGGGATGATAATGACAGTACCGGGAGAATAAGCCCCGGCTAACTCCGTGCCAGCAGCCGCGGTAATACGGAGGGGGCTAGCGTTGTTCGGAATTACTGGGCGTAAAGCGCACGTAGGCGGCTTTGTAAGTTAGAGGTGAAAGCCCAGGGCTCAACCCTGGAATTGCCTTTAAGACTGCATCGCTTGAACATCGGAGAGGTAAGTGGAATTCCGAGTGTAGAGGTGAAATTCGTAGATATTCGGAAGAACACCAGTGGCGAAGGCGACTTACTGGACGATTGTTGACGCTGAGGTGCGAAAGCGTGGGGAGCAAACAGGATTAGAAACC","D","pp",1,"OTU_ 38 "
"GGAATATTGGACAATGGGCGAAAGCCTGATCCAGCAATGCCGCGTGAGTGATGAAGGCCTTAGGGTTGTAAAGCTCTTTTACCCGGGATGATAATGACAGTACCGGGAGAATAAGCCCCGGCTAACTCCGTGCCAGCAGCCGCGGTAATACGGAGGGGGCTAGCGTTGTTCGGAATTACTGGGCGTAAAGCGCACGTAGGCGGCTTTGTAAGTTAGAGGTGAAAGCCCAGGGCTCAACCCTGGAATTGCCTTTAAGACTGCATCGCTTGAACATCGGAGAGGTAAGTGGAATTCCGAGTGTAGAGGTGAAATTCGTAGATATTCGGAAGAACACCAGTGGCGAAGGCGACTTACTGGACGATTGTTGACGCTGAGGTGCGAAAGCGTGGGGAGCAAACAGGATTAGATACC","D","pp",1,"OTU_ 39 "
"GGAATATTGGACAATGGGCGAAAGCCTGATCCAGCAATGCCGCGTGAGTGATGAAGGCCTTAGGGTTGTAAAGCTCTTTTACCCGGGATGATAATGACAGTACCGGGAGAATAAGCCCCGGCTAACTCCGTGCCAGCAGCCGCGGTAATACGGAGGGGGCTAGCGTTGTTCGGAATTACTGGGCGTAAAGCGCACGTAGGCGGCTTTGTAAGTTAGAGGTGAAAGCCCGGAGCTCAACTCCGGAACTGCCTTTAAGACTGCATCGCTAGAACGTCGGAGAGGTAAGTGGAATTCCGAGTGTAGAGGTGAAATTCGTAGATATTCGGAAGAACACCAGTGGCGAAGGCGACTTACTGGACGACTGTTGACGCTGAGGTGCGAAAGCGTGGGGAGCAAACAGGATTAGAAACC","D","pp",1,"OTU_ 40 "
"GGAATATTGGACAATGGGCGAAAGCCTGATCCAGCAATGCCGCGTGAGTGATGAAGGCCTTAGGGTTGTAAAGCTCTTTTACCCGGGATGATAATGACAGTACCGGGAGAATAAGCCCCGGCTAACTCCGTGCCAGCAGCCGCGGTAATACGGAGGGGGCTAGCGTTGTTCGGAATTACTGGGCGTAAAGCGCACGTAGGCGGCTTTGTAAGTTAGAGGTGAAAGCCCGGGGCTCAACCCCGGAATTGCCTTTAAGACTGCATCGCTTGAATCCGGGAGAGGTGAGTGGAATTCCGAGTGTAGAGGTGAAATTCGTAGATATTCGGAAGAACACCAGTGGCGAAGGCGGCTCACTGGACCGGTATTGACGCTGAGGTGCGAAAGCGTGGGGAGCAAACAGGATTAGAAACC","D","pp",1,"OTU_ 41 "
"GGAATCTTCGGCAATGGGCGCAAGCCTGACCGAGCGACGCCGCGTGAAGGATGAAGGCCCTCGGGTCGTAAACTTCTAAAAGAGGGACGATAGTGACGGTACCTCTTGAAAAGCACCGGCTAACTCCGTGCCAGCAGCCGCGGTAATACGGAGGGTGCTAGCGTTATCCGGAATCACTGGGCGTAAAGGGCGCGTAGGCGGTCTGTTAAGTCCGATGTTAAAGACTGGGGCTCAACCCCAGCATTGCGTTGGATACTGGCAGGCTTGACGGTTGGAGAGGCGAGTGGAATTACCAGTGTAGCGGTGAAATGCGTAGATACTGGTAGGAACACCCATTGCGAAGGCAGCTCGCTGGACAACACGTGACGCTGAGGCGCGAAAGTGTGGGGAGCAAACCGGATTAGAAACC","D","pp",1,"OTU_ 42 "
"GGAATCTTGCACAATGGGGGCAACCCTGATGCAGCGACGCCGCGTGAGTGACGAAGGCCTTCGGGTCGTAAAGCTCTTTTCTGCGTGACGAGACAAGGACGGTAGCGCAGGAAGAAGTCTCGGCTAACTACGTGCCAGCAGCCGCGGTAAAACGTAGGAGACAAACGTTATCCGGAGTTACTGGGCGTAAAGGGCGTGCAGGTGGCGGCTTAAGTTCGGCGTGAAAGCCTCCGGCTAAACCGGGGGAGGTCGTCGGAAACTGGGCCGCTCGAGGGTGATAGAGGCGGGTGGAATTCCGGGTGTAGTGGTGAAATGCGTAGAGATCCGGAGGAACACCAGTGGCGAAGGCGACCCGCTGGGTCACACCTGACACTGAGACGCGACAGCATGGGGAGCGAACGGGATTAGAAACC","D","pp",1,"OTU_ 43 "
"GGAATCTTGGGAATGGGCGAAAGCCTGACCCAGCAACGCCGCGTGGGCGATGAAGGCCTTAGGGTCGTAAAGCCCTTTTGCGGGGGACGATGATGACGGTACCCCGCGAATAAGCCACGGCTAACTACGTGCCAGCAGCCGCGGTAATACGTAGGTGGCAAGCGTTGTCCGGATTTACTGGGCGTAAAGGGCGCGCAGGCGGTTTGTCTAGTCTAGGGTGAAAGCTCCCGGCTCAACTGGGAGAGGTCCTTGGATACTGGCAGACTCGAGGGAGGCAGAGGAAAGTGGAATTCCCGGTGTAGTGGTGATATGCGTAGATATCGGGAGGAACACCAGTGGCGAAGGCGGCTTTCTGGGCCTTACCTGACGCTGAGGCGCGAAAGCGTGGGGAGCGAACCGGATTAGAAACC","D","pp",1,"OTU_ 44 "
"GGGATATTGCACAATGGGCGCAAGCCTGATGCAGCAACGCCGCGTGCCCGATGAAGGCCTTCGGGTCGTAAAGGGCTTTTCGAGTTGAGGAATACTGACTGTAAACTCGGAATAAGTGTCGGCTAACTACGTGCCAGCAGCCGCGGTAAAACGTAGGACGCAAGCGTTATCCGGAGTTACTGGGCGTAAAGCGCGGGAAGGCGGCACGCCAAGTCTGAGGTGAAAGCGCCCGGCTCAACCGGGCGAGGCCCTTGGAAACTGGCGGGCTGGAAGGCGAGAGAGGTAGGCGGAATTCCGGGTGGAGTGGTGAAATGCGTAGAGATCCGGAGGAACACCAGAGGCGAAGGCGGCCTACTGGCTCGCCCTTGACGCTGCACCGCGAAAGCCAGGGGAGCGAACGGGATTAGAAACC","D","pp",1,"OTU_ 45 "
